Workbook

Sheet Dashboard
A1: Bright Roof Sales Dashboard
A2: Use the Leads sheet as the working CRM. Dashboard formulas update from lead stages.
A4: Metric | B4: Value | D4: Stage | E4: Count
A5: Total leads | B5: =COUNTA(Leads!B2:B200) | D5: Lead identified | E5: =COUNTIF(Leads!L:L,D5)
A6: Interested | B6: =COUNTIF(Leads!L:L,"Interested") | D6: Contact found | E6: =COUNTIF(Leads!L:L,D6)
A7: Committee meetings planned | B7: =COUNTIF(Leads!L:L,"Committee meeting planned") | D7: Warm intro requested | E7: =COUNTIF(Leads!L:L,D7)
A8: Bills received | B8: =COUNTIF(Leads!L:L,"Bills received") | D8: First contact made | E8: =COUNTIF(Leads!L:L,D8)
A9: Survey permission granted | B9: =COUNTIF(Leads!L:L,"Survey permission granted") | D9: Interested | E9: =COUNTIF(Leads!L:L,D9)
A10: Won | B10: =COUNTIF(Leads!L:L,"Won") | D10: Committee meeting planned | E10: =COUNTIF(Leads!L:L,D10)
A11: Stalled | B11: =COUNTIF(Leads!L:L,"Stalled") | D11: Documents requested | E11: =COUNTIF(Leads!L:L,D11)
D12: Bills received | E12: =COUNTIF(Leads!L:L,D12)
D13: Survey permission requested | E13: =COUNTIF(Leads!L:L,D13)
D14: Survey permission granted | E14: =COUNTIF(Leads!L:L,D14)
D15: Proposal needed | E15: =COUNTIF(Leads!L:L,D15)
D16: PPA review | E16: =COUNTIF(Leads!L:L,D16)
D17: Won | E17: =COUNTIF(Leads!L:L,D17)
D18: Lost | E18: =COUNTIF(Leads!L:L,D18)
D19: Stalled | E19: =COUNTIF(Leads!L:L,D19)

Sheet Leads
A1: Lead ID | B1: Society name | C1: Area/locality | D1: Approx flat count | E1: Approx monthly common bill | F1: Contact person | G1: Contact role | H1: Phone | I1: WhatsApp available | J1: Warm intro source | K1: Assigned salesperson | L1: Stage | M1: Last contact date | N1: Next follow-up date | O1: Documents received | P1: Rooftop access status | Q1: Main objection | R1: Next action | S1: Next action owner | T1: Notes
A2: BR-HYD-001
A3: BR-HYD-002
A4: BR-HYD-003
A5: BR-HYD-004
A6: BR-HYD-005
A7: BR-HYD-006
A8: BR-HYD-007
A9: BR-HYD-008
A10: BR-HYD-009
A11: BR-HYD-010
A12: BR-HYD-011
A13: BR-HYD-012
... A51: BR-HYD-050

Sheet Weekly Review
A1: Week of | C1: Attendees | D1: Srinivas / Vijay / Kalyan / Nrupal
A3: Metric | B3: Target | C3: Actual
A4: New leads added | B4: 8
A5: New contact persons found | B5: 5
A6: First conversations | B6: 3
A7: Committee meetings | B7: 1
A8: Bill sets requested | B8: 2
A9: Bills received | B9: 1
A10: Survey permissions received | B10: 0-1
A12: Lead | B12: Owner | C12: Current stage | D12: Next action | E12: Due date

Sheet Lists
A1: Lead identified | B1: Srinivas
A2: Contact found | B2: Vijay
A3: Warm intro requested | B3: Kalyan
A4: First contact made | B4: Nrupal
A5: Interested
A6: Committee meeting planned
A7: Documents requested
A8: Bills received
A9: Survey permission requested
A10: Survey permission granted
A11: Proposal needed
A12: PPA review
A13: Won
A14: Lost
A15: Stalled
