Workbook
Name \0: #REF!
Name \0: #REF!
Name \0: #REF!
Name \0: #REF!
Name \C: #REF!
Name \C: #REF!
Name \C: #REF!
Name \C: #REF!
Name _: [1]LD!#REF!
Name _: [1]LD!#REF!
Name _: [1]LD!#REF!
Name _: [1]LD!#REF!
Name ____________________________Ki1: #REF!
Name ____________________________Ki2: #REF!
Name __________________________Ki1: #REF!
Name __________________________Ki2: #REF!
Name ________________________Ki1: #REF!
Name ________________________Ki2: #REF!
Name ________________________Re1: #REF!
Name ________________________Rs1: #REF!
Name _______________________LNK136: [2]SHEET6!$G$49
Name _______________________LNK137: [2]SHEET6!$G$50
Name _______________________Re1: #REF!
Name _______________________Rs1: #REF!
Name ______________________a1: #REF!
Name ______________________Ki1: #REF!
Name ______________________Ki1: #REF!
Name ______________________Ki1: #REF!
Name ______________________Ki1: #REF!
Name ______________________Ki2: #REF!
Name ______________________Ki2: #REF!
Name ______________________Ki2: #REF!
Name ______________________Ki2: #REF!
Name ______________________LNK136: [2]SHEET6!$G$49
Name ______________________LNK137: [2]SHEET6!$G$50
Name ______________________Re1: #REF!
Name ______________________Re1: #REF!
Name ______________________Re1: #REF!
Name ______________________Re1: #REF!
Name ______________________Rs1: #REF!
Name ______________________Rs1: #REF!
Name ______________________Rs1: #REF!
Name ______________________Rs1: #REF!
Name _____________________a1: #REF!
Name _____________________Ki1: #REF!
Name _____________________Ki1: #REF!
Name _____________________Ki1: #REF!
Name _____________________Ki1: #REF!
Name _____________________Ki2: #REF!
Name _____________________Ki2: #REF!
Name _____________________Ki2: #REF!
Name _____________________Ki2: #REF!
Name _____________________LNK136: [2]SHEET6!$G$49
Name _____________________LNK137: [2]SHEET6!$G$50
Name _____________________Re1: #REF!
Name _____________________Re1: #REF!
Name _____________________Re1: #REF!
Name _____________________Re1: #REF!
Name _____________________Rs1: #REF!
Name _____________________Rs1: #REF!

Sheet INV Earthing
B1: EARTHING DESIGN CALCULATION - INVERTER ROOM
B2: INPUT DATA:
B3: 1) | C3: Design Basis:
B5: i) | C5: Earth Electrode shall be GI pipe & main earth loop material shall be GI strip.
B6: ii) | C6: The earth conductor shall be adequately sized to carry the applicable maximum earth fault current
C7: without undue temperature rise.
B8: iii) | C8: All the earth connections shall be made in accordance with IS: 3043.
B10: 2) | C10: Reference:
B12: i) | C12: Code of Practice for Earthing (IS: 3043: 1987).
B13: ii) | C13: We have considered the highest fault level at the 33 kV level to be 25kA for 1 Sec.
B14: iii) | C14: Mean Electrical Soil Resistivity for the plant is considered as 100 Ohm-m (Average Condition assumed)
B15: iv) | C15: GI strip shall be of 50 x 6 mm.
B17: 3) | C17: Assumptions
B19: i) | C19: Earthing conductor shall be buried under a depth of 60 cm from the ground level.
B20: ii) | C20: Electrode shall be 65mm dia, 3 M long GI Pipe as per IS 3043
B22: 4) | C22: System Parameters
B24: i) | C24: Inverter Transformer Rating | I24: = | J24: 6000 | K24: kVA | L24: ( as maximum Inv. Trafo rating)
B25: ii) | C25: Operating Voltage | I25: = | J25: 33/ 0.400 | K25: kV
B26: iii) | C26: Impedance of Transformer | I26: = | J26: 6.25 | K26: %
B27: iv) | C27: Transformer Full Load Current on LV side | I27: =
I29: = | J29: =J24/ (1.732*0.4) -> 8660.5081 | K29: A
B30: v) | C30: Through Fault Current at Transformer (I) | I30: = | J30: 25000 | K30: A
B31: vi) | C31: Maximum opening time for VCB | I31: = | J31: 40 | K31: msec.
C32: during earth fault
B33: vii) | C33: Time considered for sizing the earth | I33: = | J33: 40+450 | K33: msec.
C34: conductor | I34: = | J34: 490 | K34: msec.
B35: viii) | C35: Mean Soil Resistivity, ρ | I35: = | J35: 100 | K35: Ohm - m
B36: ix) | C36: Buried Earthing Conductor | I36: = | J36: 50 x 6 | K36: GS flat
B37: x) | C37: Depth of Buried earthing, ω | I37: = | J37: 60 | K37: cm
B38: xi) | C38: Width of the buried conductor (t) | I38: = | J38: 6.5 | K38: cm
B39: xii) | C39: Total Length of the buried earthing | I39: = | J39: 15000 | K39: cm
C40: conductor (l) | J40: [Peripheral earthing and Branch Interconnections)
B41: xiii) | C41: Type of Electrode | I41: = | J41: 65mm dia, 3 m Long GI Pipe
B42: xiv) | C42: Number of Electrodes/ Inverter room | I42: = | J42: 10
B45: 5) | C45: Calculation
B47: i) | C47: Check for Fault current withstand capability of selected earthing conductor
B49: a) | C49: Required cross section of Earthing | I49: =
C50: Conductor , A
C51: (As per Cl.12.2.2.1 of IS: 3043)
C52: where,
C53: I = fault current for which fault of negliable impedance can flow through the device
C54: K= factor dependent on the material of the protective conductor, the insulation and other parts, 80 for steel
C55: T = time for fault clearing in sec.
B56: b) | C56: Required cross section of Earthing | I56: = | J56: 25000 X √0.49
J57: 80
I58: = | J58: =(J30* SQRT(0.49) )/ 80 -> 218.75 | K58: Sq.mm
B59: c) | C59: Corrosion factor (15%) | I59: = | J59: =J58*1.15 -> 251.5625 | K59: Sq.mm
B60: d) | C60: Selected cross sectional of earthing conductor | I60: = | J60: =50*6 -> 300 | K60: Sq.mm
B62: ii) | C62: Calculation of Effective Resistance of buried earthing conductor (R cond )
B64: a) | C64: Resistance of Total buried earthing conductor, R cond = | M64: ohm
C65: ( As per IS: 3043)
C66: where, ρ indicates soil resistivity in ohm -m
C67: l - Length of the earthing conductor in cm
C68: ω- Depth of the earthing conductor in cm
C69: t - width of the earthing conductor in cm.
C70: Resistance of the total buried earthing | I70: = | J70: =((100*J35)/(2*3.14159*J39)*(LN((4*J39)/(J38)))) -> 0.96875549 | K70: ohm
C71: Conductor, Rcond
B73: iii) | C73: Calculation of Effective Resistance of Buried Electrode (Relec)
C75: Resistance of earth electrode is given by Relec | I75: =
C76: ( As per IS: 3043)
C77: where, ρ indicates soil resistivity in ohm -m
C78: d - diameter of the rod or pipe in cm | I78: = | J78: 300 | K78: cm
C79: l - length of the rod or pipe in cm | I79: = | J79: 5 | K79: cm
C81: Resistance of earth electrode is given by Relec | I81: = | J81: =((100*J35)/(2*3.14159*J78)*LN((2*J78)/(J79))) -> 25.398454 | K81: Ohm
C82: ="Effective Resistance considering "&J42&" Nos. of " -> Effective Resistance considering 10 Nos. of | I82: = | J82: =J81/J42 -> 2.5398454 | K82: ohm
C83: Electrodes
B86: iv) | C86: Calculation of Effective Earth Resistance for Inverter Room
C88: Effective Grid Resistance, R1 | I88: =
I89: = | J89: =(J70*J82) / (J70+J82) -> 0.7012736 | K89: ohm
B91: 6) | C91: Result:
C93: The above indicated Overall earthing system resistance for the Inverter room is less than 1 ohm
C94: which meets the effective resistance of the system as per clause No: 20.1 of IS:3043. The selected
C95: earthing conductor is suitable for withstanding the fault current and hence the design is safe

Sheet PCSS & Sub PCSS
A1: EARTHING DESIGN CALCULATION - SUB PCSS & PCSS BUILDING
B2: INPUT DATA:
B3: 1) | C3: Design Basis:
B5: i) | C5: Earth Electrode shall be 65mm Dia, 3Metre long Pipe Electrode.
B6: ii) | C6: Buried Earth Grid shall be 50 x 8 mm G.I Flat Strip
B7: ii) | C7: The earth conductor shall be adequately sized to carry the applicable maximum earth fault current
B8: iii) | C8: All the earth connections shall be made in accordance with IS: 3043.
B10: 2) | C10: Assumption:
B12: i) | C12: Code of Practice for Earthing ( IS: 3043: 1987).
B13: ii) | C13: We have considered the fault level of 25kA for designing the Earth Grid and system
B14: iii) | C14: Mean Electrical Soil Resistivity for the plant is considered as 55 Ohm-m (Average Condition assumed)
B15: iv) | C15: Earthing conductor shall be buried under a depth of 60 cm from the ground level.
B17: 4) | C17: System Parameters
B19: i) | C19: Through Fault Current at LT Switchboard | I19: = | J19: 25000 | K19: A
B20: ii) | C20: Maximum opening time for Breaker | I20: = | J20: 1 | K20: sec.
C21: during earth fault
B22: iv) | C22: Mean Soil Resistivity, ρ | I22: = | J22: 100 | K22: Ohm - m | L22: Assumed 55 ohm-m for calculation purpose
B23: v) | C23: Buried Earthing Conductor | I23: = | J23: 50 | K23: mm G.I Flat Strip
B24: vi) | C24: Depth of Buried earthing, ω | I24: = | J24: 60 | K24: cm
B25: vii) | C25: Width of the buried conductor (t) | I25: = | J25: 5 | K25: cm
B26: vii) | C26: Total Length of the buried earthing | I26: = | J26: =(439+105)*100 -> 54400 | K26: cm
C27: conductor (l)
B28: viii) | C28: Type of Electrode | I28: = | J28: 65mm dia, 3m Long G.I Pipe Electrode
B29: ix) | C29: Number of Electrodes | I29: = | J29: 95
B32: 5) | C32: Calculation
B34: i) | C34: Check for Fault current withstand capability of selected earthing conductor
B36: a) | C36: Required cross section of Earthing | I36: =
C37: Conductor , A
C38: (As per Cl.12.2.2.1 of IS: 3043)
C39: where,
C40: I = fault current for which fault of negliable impedance can flow through the device
C41: K= factor dependent on the material of the protective conductor, the insulation and other parts, 80 for steel
C42: T = time for fault clearing in sec.
B43: b) | C43: Required cross section of Earthing | I43: = | J43: =""&J19&"""X""√"&J20&"" -> 25000"X"√1
J44: 80
I45: = | J45: =(J19* SQRT(J20) )/ 80 -> 312.5 | K45: Sq.mm
B46: c) | C46: Corrosion factor (15%) | I46: = | J46: =J45*1.15 -> 359.375 | K46: Sq.mm
B47: d) | C47: Selected cross sectional of earthing conductor | I47: = | J47: 400 | K47: Sq.mm
B49: ii) | C49: Calculation of Effective Resistance of buried earthing conductor (R cond )
B51: a) | C51: Resistance of Total buried earthing conductor, R cond = | M51: ohm
C52: ( As per IS: 3043)
C53: where, ρ indicates soil resistivity in ohm -m
C54: t - width (Strip) or twice the diameter (conductors in cm) | J54: =J23/10 -> 5 | K54: cm
C55: l - length of the rod or Strip in cm | J55: =J26 -> 54400 | K55: cm
C56: Resistance of the total buried earthing | I56: = | J56: =((100*J22)/(2*3.14159*J55)*(LN((4*J55)/(J54)))) -> 0.31248742 | K56: ohm
C57: Conductor, Rcond
B59: iii) | C59: Calculation of Effective Resistance of Buried Electrode (Relec) (65mm Dia G.I Pipe Electrode)
C62: Resistance of earth electrode is given by Relec | I62: =
C63: ( As per IS: 3043)
C64: where, ρ indicates soil resistivity in ohm -m
C65: d - diameter of the rod or pipe in cm | I65: = | J65: 6.5 | K65: cm
C66: l - length of the rod or pipe in cm | I66: = | J66: 300 | K66: cm
C67: Resistance of earth electrode is given by Relec | I67: = | J67: =((100*J22)/(2*3.14159*J66)*LN((2*J66)/(J65))) -> 24.006567 | K67: Ohm
C68: ="Effective Resistance considering "&J29&" Nos. of " -> Effective Resistance considering 95 Nos. of | I68: = | J68: =J67/J29 -> 0.25270071 | K68: ohm
C69: Electrodes
B71: iv) | C71: Calculation of Effective Earth Resistance for Main Control Room
C73: Effective Grid Resistance, R2 | I73: =
I74: = | J74: =(J56*J68) / (J56+J68) -> 0.13971594 | K74: ohm
B76: 6) | C76: Result:
C78: The above indicated Overall earthing system resistance for the Sub PCSS & PCSS is less than 1 ohm
C79: which meets the effective resistance of the system as per clause No: 20.1 of IS:3043. The selected
C80: earthing conductor is suitable for withstanding the fault current and hence the design is safe

Sheet Solar Field Earthing Calc_ShedA
A1: EARTHING DESIGN CALCULATION - FLASYS DESIGN | Q1: https://www.flasysdesign.com/
Q2: Email: contact@flasysdesign.com
B3: INPUT DATA:
B4: 1) | C4: Design Basis:
B6: i) | C6: Earth Electrode shall be Chemical maintainance free earth pits & main earth loop material shall be GI strip.
B7: ii) | C7: The earth conductor shall be adequately sized to carry the applicable maximum earth fault current
B8: iii) | C8: All the earth connections shall be made in accordance with IS: 3043.
B10: 2) | C10: Reference:
B12: i) | C12: Code of Practice for Earthing ( IS: 3043: 1987).
B13: ii) | C13: Mean Electrical Soil Resistivity for the plant is considered as 100 Ohm-m (Average Value)
B14: iii) | C14: GI strip shall be of 25 x 6 mm.
B16: 3) | C16: Assumptions
B18: i) | C18: Earthing conductor shall be buried under a depth of 60 cm from the ground level.
B19: ii) | C19: Electrode shall be 17.2mm dia, 3 M long Cu bonded steel rod (chemical earthing)
B21: 4) | C21: System Parameters
B22: i) | C22: Module / String Current Isc is (for 340Wp) | I22: = | J22: 9.53 | K22: A
B23: ii) | C23: Total number of strings/Inverter. | I23: = | J23: 18 | K23: Nos | L23: Max Isc possible
B24: iii) | C24: Maximum Possibility of fault current that flows through the System DC Side | I24: = | J24: =J22*J23*1.2 -> 205.848 | K24: A
B26: iv) | C26: Through Fault Current at DC Side | I26: = | J26: =J24 -> 205.848 | K26: A
B27: v) | C27: Maximum opening time DC Combiner box fuse | I27: = | J27: 0.2 | K27: Sec
B28: vi) | C28: Mean Soil Resistivity, ρ | I28: = | J28: ='PCSS & Sub PCSS'!J22 -> 100 | K28: Ohm - m | L28: Assumed 100 ohm-m for calculation purpose
B30: vii) | C30: Buried Earthing Conductor | I30: = | J30: 25 x 6 | K30: GI flat
B31: viii) | C31: Depth of Buried earthing, ω | I31: = | J31: 60 | K31: cm
B32: ix) | C32: Width of the buried conductor (t) | I32: = | J32: 2.5 | K32: cm
B33: x) | C33: Total Length of the earthing | I33: = | J33: =439*100 -> 43900 | K33: cm
C34: conductor (l)
B36: xi) | C36: Type of Electrode | I36: = | J36: 17.2mm dia, 3 m Long Cu Bonded rod
B37: xii) | C37: Number of Electrodes | I37: = | J37: 4 | K37: No. of earth electrode for complete plant
B40: 5) | C40: Calculation
B42: i) | C42: Check for Fault current withstand capability of selected earthing conductor
B43: a) | C43: Required cross section of Earthing | I43: =
C44: Conductor , A
C45: (As per Cl.12.2.2.1 of IS: 3043)
C46: where,
C47: I = fault current for which fault of negliable impedance can flow through the device
C48: K= factor dependent on the material of the protective conductor, the insulation and other parts, 80 for steel
C49: T = time for fault clearing in sec.
B50: b) | C50: Required cross section of Earthing | I50: = | J50: =""&J26&""" X ""√"&J27&"" -> 205.848" X "√0.2
J51: 80
I52: = | J52: =(J26* SQRT(J27) )/ 80 -> 1.1507253 | K52: Sq.mm
B53: c) | C53: Corrosion factor (15%) | I53: = | J53: =J52*1.15 -> 1.3233341 | K53: Sq.mm
B54: d) | C54: Selected cross sectional of earthing conductor | I54: = | J54: =25*6 -> 150 | K54: Sq.mm
B56: ii) | C56: Calculation of Effective Resistance of buried earthing conductor (R cond )
B58: a) | C58: Resistance of Total buried earthing conductor, R cond = | M58: ohm
C59: ( As per IS: 3043)
C60: where, ρ indicates soil resistivity in ohm -m
C61: l - length of the rod or Strip in cm | J61: =J33 -> 43900 | K61: cm
C62: ω- Depth of the earthing conductor in cm
C63: t - width (Strip) or twice the diameter (conductors in cm) | J63: =J32 -> 2.5 | K63: cm
C64: Resistance of the total buried earthing | I64: = | J64: =((100*J28)/(2*3.14159*J33)*(LN((4*J33)/(J32)))) -> 0.40458284 | K64: ohm
C65: Conductor, Rcond
B67: iii) | C67: Calculation of Effective Resistance of Buried Electrode (Relec)
C69: Resistance of earth electrode is given by Relec | I69: =
C70: ( As per IS: 3043)
C71: where, ρ indicates soil resistivity in ohm -m
C72: d - diameter of the rod or pipe in cm | I72: = | J72: 1.72
C73: l - length of the rod or pipe in cm | I73: = | J73: 300
C74: Resistance of earth electrode is given by Relec | I74: = | J74: =((100*J28)/(2*3.14159*J73)*LN((2*J73)/(J72))) -> 31.059672 | K74: Ohm
C75: ="Effective Resistance considering "&J37&" Nos. of " -> Effective Resistance considering 4 Nos. of | I75: = | J75: =J74/J37 -> 7.7649181 | K75: ohm
C76: Electrodes
B78: iv) | C78: Calculation of Effective Earth Resistance for Solar Field
C79: Effective Resistance, R3 | I79: =
I80: = | J80: =(J64*J75) / (J64+J75) -> 0.38454645 | K80: ohm
B82: v) | C82: Calculation of Effective Earth Resistance for overall PV Plant
C83: Effective Resistance, Reff | I83: = | J83: (R1*R2*R3)/(R1+R2+R3)
C84: Effective Resistance for one Inverter room | I84: = | J84: ='INV Earthing'!J89 -> 0.7012736 | K84: ohm
C85: For 3 No. of Inverter rooms | I85: = | J85: =J84*J84*J84/(J84+J84+J84) -> 0.16392822 | K85: ohm
C86: Effective Resistance for Control room-R2 | I86: = | J86: ='PCSS & Sub PCSS'!J74 -> 0.13971594 | K86: ohm
C87: For 1 No. of Control rooms-R3 | I87: = | J87: =1*J86 -> 0.13971594 | K87: ohm
C88: Effective Resistance for Solar Field | I88: = | J88: =J80 -> 0.38454645
C89: Overall PV Plant Effective Resistance | I89: = | J89: =J85*J86*J88/(J85+J86+J88) -> 0.012797931 | K89: Ohm
B93: 6) | C93: Result:
C95: The above indicated effective resistance of the plant is less than 1 ohm which meets the effective
C96: resistance of the plant as per clause No: 20.1 of IS:3043. The selected earthing conductor is suitable for
C97: withstanding the fault current and hence the design is safe

Sheet Solar Field Earthing Calc_ShedB
A1: EARTHING DESIGN CALCULATION - FLASYS DESIGN | Q1: https://www.flasysdesign.com/
Q2: Email: contact@flasysdesign.com
B3: INPUT DATA:
B4: 1) | C4: Design Basis:
B6: i) | C6: Earth Electrode shall be Chemical maintainance free earth pits & main earth loop material shall be GI strip.
B7: ii) | C7: The earth conductor shall be adequately sized to carry the applicable maximum earth fault current
B8: iii) | C8: All the earth connections shall be made in accordance with IS: 3043.
B10: 2) | C10: Reference:
B12: i) | C12: Code of Practice for Earthing ( IS: 3043: 1987).
B13: ii) | C13: Mean Electrical Soil Resistivity for the plant is considered as 100 Ohm-m (Average Value)
B14: iii) | C14: GI strip shall be of 25 x 6 mm.
B16: 3) | C16: Assumptions
B18: i) | C18: Earthing conductor shall be buried under a depth of 60 cm from the ground level.
B19: ii) | C19: Electrode shall be 17.2mm dia, 3 M long Cu bonded steel rod (chemical earthing)
B21: 4) | C21: System Parameters
B22: i) | C22: Module / String Current Isc is (for 340Wp) | I22: = | J22: 9.53 | K22: A
B23: ii) | C23: Total number of strings/Inverter. | I23: = | J23: 18 | K23: Nos | L23: Max Isc possible
B24: iii) | C24: Maximum Possibility of fault current that flows through the System DC Side | I24: = | J24: =J22*J23*1.2 -> 205.848 | K24: A
B26: iv) | C26: Through Fault Current at DC Side | I26: = | J26: =J24 -> 205.848 | K26: A
B27: v) | C27: Maximum opening time DC Combiner box fuse | I27: = | J27: 0.2 | K27: Sec
B28: vi) | C28: Mean Soil Resistivity, ρ | I28: = | J28: ='PCSS & Sub PCSS'!J22 -> 100 | K28: Ohm - m | L28: Assumed 100 ohm-m for calculation purpose
B30: vii) | C30: Buried Earthing Conductor | I30: = | J30: 25 x 6 | K30: GI flat
B31: viii) | C31: Depth of Buried earthing, ω | I31: = | J31: 60 | K31: cm
B32: ix) | C32: Width of the buried conductor (t) | I32: = | J32: 2.5 | K32: cm
B33: x) | C33: Total Length of the earthing | I33: = | J33: =290*100 -> 29000 | K33: cm
C34: conductor (l)
B36: xi) | C36: Type of Electrode | I36: = | J36: 17.2mm dia, 3 m Long Cu Bonded rod
B37: xii) | C37: Number of Electrodes | I37: = | J37: 2 | K37: No. of earth electrode for complete plant
B40: 5) | C40: Calculation
B42: i) | C42: Check for Fault current withstand capability of selected earthing conductor
B43: a) | C43: Required cross section of Earthing | I43: =
C44: Conductor , A
C45: (As per Cl.12.2.2.1 of IS: 3043)
C46: where,
C47: I = fault current for which fault of negliable impedance can flow through the device
C48: K= factor dependent on the material of the protective conductor, the insulation and other parts, 80 for steel
C49: T = time for fault clearing in sec.
B50: b) | C50: Required cross section of Earthing | I50: = | J50: =""&J26&""" X ""√"&J27&"" -> 205.848" X "√0.2
J51: 80
I52: = | J52: =(J26* SQRT(J27) )/ 80 -> 1.1507253 | K52: Sq.mm
B53: c) | C53: Corrosion factor (15%) | I53: = | J53: =J52*1.15 -> 1.3233341 | K53: Sq.mm
B54: d) | C54: Selected cross sectional of earthing conductor | I54: = | J54: =25*6 -> 150 | K54: Sq.mm
B56: ii) | C56: Calculation of Effective Resistance of buried earthing conductor (R cond )
B58: a) | C58: Resistance of Total buried earthing conductor, R cond = | M58: ohm
C59: ( As per IS: 3043)
C60: where, ρ indicates soil resistivity in ohm -m
C61: l - length of the rod or Strip in cm | J61: =J33 -> 29000 | K61: cm
C62: ω- Depth of the earthing conductor in cm
C63: t - width (Strip) or twice the diameter (conductors in cm) | J63: =J32 -> 2.5 | K63: cm
C64: Resistance of the total buried earthing | I64: = | J64: =((100*J28)/(2*3.14159*J33)*(LN((4*J33)/(J32)))) -> 0.58970001 | K64: ohm
C65: Conductor, Rcond
B67: iii) | C67: Calculation of Effective Resistance of Buried Electrode (Relec)
C69: Resistance of earth electrode is given by Relec | I69: =
C70: ( As per IS: 3043)
C71: where, ρ indicates soil resistivity in ohm -m
C72: d - diameter of the rod or pipe in cm | I72: = | J72: 1.72
C73: l - length of the rod or pipe in cm | I73: = | J73: 300
C74: Resistance of earth electrode is given by Relec | I74: = | J74: =((100*J28)/(2*3.14159*J73)*LN((2*J73)/(J72))) -> 31.059672 | K74: Ohm
C75: ="Effective Resistance considering "&J37&" Nos. of " -> Effective Resistance considering 2 Nos. of | I75: = | J75: =J74/J37 -> 15.529836 | K75: ohm
C76: Electrodes
B78: iv) | C78: Calculation of Effective Earth Resistance for Solar Field
C79: Effective Resistance, R3 | I79: =
I80: = | J80: =(J64*J75) / (J64+J75) -> 0.56812705 | K80: ohm
B82: v) | C82: Calculation of Effective Earth Resistance for overall PV Plant
C83: Effective Resistance, Reff | I83: = | J83: (R1*R2*R3)/(R1+R2+R3)
C84: Effective Resistance for one Inverter room | I84: = | J84: ='INV Earthing'!J89 -> 0.7012736 | K84: ohm
C85: For 3 No. of Inverter rooms | I85: = | J85: =J84*J84*J84/(J84+J84+J84) -> 0.16392822 | K85: ohm
C86: Effective Resistance for Control room-R2 | I86: = | J86: ='PCSS & Sub PCSS'!J74 -> 0.13971594 | K86: ohm
C87: For 1 No. of Control rooms-R3 | I87: = | J87: =1*J86 -> 0.13971594 | K87: ohm
C88: Effective Resistance for Solar Field | I88: = | J88: =J80 -> 0.56812705
C89: Overall PV Plant Effective Resistance | I89: = | J89: =J85*J86*J88/(J85+J86+J88) -> 0.014925972 | K89: Ohm
B93: 6) | C93: Result:
C95: The above indicated effective resistance of the plant is less than 1 ohm which meets the effective
C96: resistance of the plant as per clause No: 20.1 of IS:3043. The selected earthing conductor is suitable for
C97: withstanding the fault current and hence the design is safe
